dq_lu, dq_hhl,
-0.00031924249924599607,-0.00013627847684559766
0.000380885976228693,0.00013627847684566678
0.0012216474571009703,0.0004519845746990295
0.001068474526203303,0.0005781806106450461
-0.0009689184286184149,-0.0006392027155226662
0.001154169478462993,0.000609455876195156
-0.00035300615183443565,-0.00019272687021464974
-0.0008373394080056968,-0.0004913590360098868
0.0011903871447340843,0.0006813923842295504
-0.00017865655249130603,-0.0
-0.0008212005440536511,-0.00043095038289143247
-0.0004359277084959342,-0.0002725569536914239
-0.0006931715727872357,-0.0004913590360097647
-0.0035758081531617747,-0.0021847101811512098
-0.0010482915590155006,-0.0006094558761951026
